# corpus bcf set 1 symbols [CLEAN27,CLEAN28,CLEANSCHEMA27] hashSourceSnapshot(al-only,no-app.json) 26f4f2ea0a46870a6a0c5593883419f71efd2e33369d3853cdac73084e29a55d git 4d61fc58bc55dd0acb78f8b9b6ea54109b960785
Source/Business Foundation/AuditCodes/src/SourceCodeSetup.Page.al	6	b859b814974727cb8a2f43b2d0e120e36fde562845f4e305fe83bf963e135f69
Source/Business Foundation/NoSeries/src/Batch/NoSeriesBatch.Codeunit.al	26	d6321d51ec9f741a5f00bc58e32ce2f72c711bc7254178863c881cdaca5bd74e
Source/Business Foundation/NoSeries/src/Batch/NoSeriesBatchImpl.Codeunit.al	115	e968647e8f70bd137e8f22efcc88f949c92c6ec3bfebcc6a786e77c9779d65c5
Source/Business Foundation/NoSeries/src/GlobalNoSeries/CrossCompanyNoSeries.Codeunit.al	7	3de989be645f404855da7b0733eaaaf34d0cfb9ced2c2a614de10f2e7d46961f
Source/Business Foundation/NoSeries/src/GlobalNoSeries/CrossCompanyNoSeriesImpl.Codeunit.al	18	8b86aeaac53d315c691b8bf56761b1a27551eee7f5219cb3e056cd10aff9129a
Source/Business Foundation/NoSeries/src/Setup/NoSeries.Page.al	58	676f3093dc048b288d6dc429ee0dc1f721eecc48422cd5448f9bdaa6605b5315
Source/Business Foundation/NoSeries/src/Setup/NoSeries.Table.al	6	38e0755fede4e06d8954d530ac5a9c934b0c831b02b5e8a9c83cd2adf76b8958
Source/Business Foundation/NoSeries/src/Setup/NoSeriesErrorsImpl.Codeunit.al	48	7a699fab1a3f8e9004770bbdeff72bfba5e67a4ba4ed2358f41aaa11099214ee
Source/Business Foundation/NoSeries/src/Setup/NoSeriesLine.Table.al	21	ec0ad62a74924e2944388858fe6b0558a7eddc8128e5107acc04eb268d17c6fb
Source/Business Foundation/NoSeries/src/Setup/NoSeriesLines.Page.al	30	282e7e8acac3940eab329e0056366ca391aa8371c91669f6f8d47aa3183015af
Source/Business Foundation/NoSeries/src/Setup/NoSeriesLinesPart.Page.al	3	2f2a0f8693add3d7f3b2662156b53f6a1a26346e1935e6e6e07254f7e320dabf
Source/Business Foundation/NoSeries/src/Setup/NoSeriesRelationship.Table.al	4	565026890a3a5534cacf8e5ccd88e2175034988fa0b5270413e3af718497daec
Source/Business Foundation/NoSeries/src/Setup/NoSeriesSetup.Codeunit.al	4	c8a36851888d83a3128097d4db87eb6b6b3510fa927eacf1b19bf178aae50346
Source/Business Foundation/NoSeries/src/Setup/NoSeriesSetupImpl.Codeunit.al	245	d0402f00a65059b361d5f5744bfec270698ecfbda4f97ada00b21bbec11fd0a8
Source/Business Foundation/NoSeries/src/Single/NoSeries.Codeunit.al	50	b9bddce09c36f0ecf43cde95556e7f37ee0b5dd87ecad52a7043633d69d5c530
Source/Business Foundation/NoSeries/src/Single/NoSeriesImpl.Codeunit.al	181	dd28c96153f46347f63201a68a8ecea9261ee11e977fcd62870e33829c9e7f3f
Source/Business Foundation/NoSeries/src/Single/NoSeriesSequenceImpl.Codeunit.al	220	10fd9faad26236170a819a03ea8c01a505a49736877fbeb7ac1c23d5c0c4f0f5
Source/Business Foundation/NoSeries/src/Single/NoSeriesStatelessImpl.Codeunit.al	96	23c788f58d67254b684fafeb6b8d6e931b40d0be2495976f71c25ffe6c6bd517
Source/Business Foundation/NoSeriesCopilot/src/Copilot/NoSeriesCopilotImpl.Codeunit.al	308	2c319014c35e25944f8b978b7810d88707210eda9d4e2ff8dcc3647ee0bc48e6
Source/Business Foundation/NoSeriesCopilot/src/Copilot/NoSeriesExt.PageExt.al	4	12d48577ac7144709fcf7a4b5a5fd677529d9a6e9e5ce64a5d0381a14863db06
Source/Business Foundation/NoSeriesCopilot/src/Copilot/NoSeriesGeneration.Page.al	42	4c59133a1c9fd3cc14905ce7aeb2a00252cf629d02cb216bd22f5e3684b8835d
Source/Business Foundation/NoSeriesCopilot/src/Copilot/NoSeriesGeneration.Table.al	7	3abd2e11a3636209dd4dbfb17fa1f01721f04bdf2caa6a0f3235a5aa21939121
Source/Business Foundation/NoSeriesCopilot/src/Copilot/NoSeriesGenerationDetail.Table.al	35	9ffe598a029d8bb81a11fd959b8132fd57405f97546320babf153ca118191c89
Source/Business Foundation/NoSeriesCopilot/src/Copilot/NoSeriesGenerationSub.Page.al	18	57b6ae5385c69145c2a3da6ae1c600a6419b364a7013281aa868997485d23712
Source/Business Foundation/NoSeriesCopilot/src/Copilot/Search/Classic/NoSeriesTextMatchImpl.Codeunit.al	84	12518420d37f6f3f7095c8fdb8092a1b4347ba0077fb4e9d47e252e092c3d582
Source/Business Foundation/NoSeriesCopilot/src/Copilot/Telemetry/NoSeriesCopilotTelemetry.Codeunit.al	87	c55c321ca50d46c76e64b8a0bfd5acd37f18cd6fd612c6e2f19d812095c41c99
Source/Business Foundation/NoSeriesCopilot/src/Copilot/Tools/NoSeriesCopAddIntent.Codeunit.al	96	8818aa3752d2acec0fcb977b095c3277a69573fdb032e8893524eae6c3840d19
Source/Business Foundation/NoSeriesCopilot/src/Copilot/Tools/NoSeriesCopChangeIntent.Codeunit.al	68	31f27c458b4994b34b9a8f6dd3886a70a271b60bf55aa2e623681099ef6dd44e
Source/Business Foundation/NoSeriesCopilot/src/Copilot/Tools/NoSeriesCopGenerate.Codeunit.al	20	eb1851a8ac50a88a8bf6007bfb71aa8b37e17599846e8d77e5d4d15f8a7ffc6d
Source/Business Foundation/NoSeriesCopilot/src/Copilot/Tools/NoSeriesCopNxtYrIntent.Codeunit.al	11	2261010bc9fabd74a13fc59ff123a5d9f430869df7571552f988cb6d642197ad
Source/Business Foundation/NoSeriesCopilot/src/Copilot/Tools/NoSeriesCopToolsImpl.Codeunit.al	217	c3feaf928ab955a811beeb9038bf068d0acdd62d0eac627f27101002018f0dcf
Source/Business Foundation/NoSeriesCopilot/src/Register/NoSeriesCopilotInstall.Codeunit.al	2	1e95a5c077b0796711f235ca59c311b1c4f06359c57e4216a5438abd8d9ebdd9
Source/Business Foundation/NoSeriesCopilot/src/Register/NoSeriesCopilotRegister.Codeunit.al	8	61850ed895ec1780c82fdb65cb3f6694191ee85246dc8a265a5bda0f8ddd613c
Source/Business Foundation/NoSeriesCopilot/src/Upgrade/NoSeriesCopilotUpgrTags.Codeunit.al	1	c95b34ffcf91bc8ba3428c0aa72182cba18fe0446bb6d7087186d3082c98e28a
Test/Business Foundation Test Libraries/NoSeries/src/LibraryNoSeries.Codeunit.al	71	ed67cf3185622dd373fffddf945859f3589174e4d9823ebd80092433c44dddd6
Test/Business Foundation Test Libraries/NoSeriesCopilot/src/LibraryNoSeriesCopilot.Codeunit.al	2	11ad70dc4ede54885e91371ddec6225a26fa945c6fb93ac2f4bf6acb227927b7
Test/Business Foundation Tests/NoSeries/src/ERMNoSeriesTests.Codeunit.al	458	a7ac738466ee9d1f3b9c8d9a01927de8219759ebba5d09a9a88245ae886da297
Test/Business Foundation Tests/NoSeries/src/NoSeriesBatchTests.Codeunit.al	419	ed00c619b6943b526876b12bd631f73efc73fa39f6007b5c3ea630c5e0becc5e
Test/Business Foundation Tests/NoSeries/src/NoSeriesTests.Codeunit.al	401	5afafe4c4d8d947d193fa1b688daf3b39a31ca28d4812540dfb7d6ea72a53b68
Test/Business Foundation Tests/NoSeriesCopilot/src/Install/NoSeriesTestInstall.codeunit.al	12	8129968a5bf7d643a0899e3f609bbd9c7ca42c2b771f6196e368aeda95b056e2
Test/Business Foundation Tests/NoSeriesCopilot/src/NoSeriesCopilotAccuTests.Codeunit.al	11	0c1d19cb912167f21d1bdf6721794e89c0bd95980f219a22c3691a6627487aa6
